UserScreenName,UserName,Timestamp,Text,Embedded_text,Emojis,Comments,Likes,Retweets,Image link,Tweet URL,keyword
The Grinch,@gloomybloomy_,2021-04-16T21:57:12.000Z,"Karma is not real, but kurma is.",,,,,1,[],https://twitter.com/gloomybloomy_/status/1383177682079260674,kurma
Iftahfia,@kentangmaribuan,2021-04-15T13:18:30.000Z,"Replying to 
@kentangmaribuan","Yg sbenernya gw gedeg dan bikin badmod. Di antaranya adalah:
1. Kalo si A (sebut merek) udah beramal jariyah plafon untuk teras musola dan plafon masjid
2. Si B udah beramal jariyah sebanyak 500 rb 
3. Si C udah beramal jariyah sebanyak 5 jt
4. Alm si D udah beramal jariyah sbnyk",,1,,,[],https://twitter.com/kentangmaribuan/status/1382684760644886529,kurma
Iftahfia,@kentangmaribuan,2021-04-15T13:18:31.000Z,"5 jt
5. Nanti habis solat akan ada pembagian takjil/kurma untuk jamaah, sodaqoh dari si A
""Untuk itu mari kita hadiahi surat alfatihah semoga rizqi mereka lancar"".",,,1,,,[],https://twitter.com/kentangmaribuan/status/1382684762427465728,kurma
Yuni Cahya,@yuni_ce,2021-04-14T13:30:18.000Z,kurma keijuu ini....gak ada lawan...,,,,,,['https://pbs.twimg.com/media/Ey8BkYMUUAAUZjl?format=jpg&name=900x900'],https://twitter.com/yuni_ce/status/1382325343680274439,kurma
FESS,@FOODFESS2,2021-04-13T17:41:16.000Z,fess kalian sahur ada yg ga pake nasi? biasanya apa kalo ngga pake nasi?,,,28,1,1,[],https://twitter.com/FOODFESS2/status/1382026112037900289,kurma
#DIRUMAHAJA pesan makanan via gofood/grabfood dulu,,2021-04-13T18:26:01.000Z,"Bisa pake oats, roti gandum, sourdough atau kurma sih kalo mau kenyang yg awet",,,,,,[],https://twitter.com/Warungnoms/status/1382037375241490433,kurma
Naynay,@nailulrohmah,2021-04-13T05:23:17.000Z,"Ku bangunin suami, mnta beliin gas, yg mana itu sudah jam 3, sambil nunggu tuntasin potong sayur, minum susu kurma, dan uda stegah 4 suami blm balik, uda feeling, gda tukang gas yang buka hahahahha, 
akhirnya dateng dan bener gda, gda yg jual lauk jg, oke, ada sisa ayam aku makan",,,,,,[],https://twitter.com/nailulrohmah/status/1381840390265835522,kurma
Mas.Jagad,@basukicatur_,2021-04-22T20:37:56.000Z,Kurma memang best deals untuk bulan puasa. Cepet dan enakkkk,,,,,1,[],https://twitter.com/basukicatur_/status/1385332061414694912,kurma
"Rizal do | GA Hot Sauce, cek likes",@afrkml,2021-04-24T12:20:14.000Z,"Gue mau ngingetin temen2 lagi yaa utk JANGAN MINUM TEH PAS SAHUR krn efek diuretiknya bikin sering pipis yg berisiko dehidrasi. Mending air anget atau susu. Kalau gue sih prefer susu, kayak Bear Brand. Apalagi musim flu begini. Cocok banget diminum #1KalengSaatSahur. Kalian gmn?",,,103,269,1.2K,['https://pbs.twimg.com/media/EzvRbI6VEAM-k6O?format=jpg&name=small'],https://twitter.com/afrkml/status/1385931587573850112,kurma
milo_mcd,@finaa_irfana,2021-04-24T14:53:07.000Z,Tim kalo males makan nasi pas  saur cukup bearbrand madu kurma air putih,,ğŸ˜‚,1,,,[],https://twitter.com/finaa_irfana/status/1385970063165988872,kurma
Bapakmu,@penyemangatku__,2021-04-23T07:41:48.000Z,"Replying to 
@yusufabdnms",Kurma yg bisa diminum kek mana tu,,1,,1,[],https://twitter.com/penyemangatku__/status/1385499128784855041,kurma
uknowlahh,@yusufabdnms,2021-04-23T07:42:31.000Z,Energen kurma wkwk,,,,,,[],https://twitter.com/yusufabdnms/status/1385499311518011392,kurma
ON - Tanyarl,@bertanyarl,2021-04-24T15:50:00.000Z,Tanyarl dari skala 1-10 seberapa suka kalian sama kurma?,,,210,8,5,[],https://twitter.com/bertanyarl/status/1385984376366796800,kurma
tulang rusuk mas chanyeol,@intanpcy_,2021-04-24T16:16:13.000Z,"0, gasuka kurma",,,,,,[],https://twitter.com/intanpcy_/status/1385990973465919492,kurma
nur annisa,@ann1s4,2021-04-24T05:54:34.000Z,"siang teman-teman, semoga masih kuat menjalankan ibadah puasa pastikan kita mengkonsumsi makanan sehat dengan gizi seimbang supaya keluarga sehat dan anak-anak pun kuat ",,ğŸ˜€,21,20,24,[],https://twitter.com/ann1s4/status/1385834529831546880,kurma
Koko,@kookoari,2021-04-24T07:25:10.000Z,"tiap hari aku usahain makan kurma mbak, favoritku banget",,,,,,[],https://twitter.com/kookoari/status/1385857330437189633,kurma
iigipimimimi_,@EigiPema,2021-04-24T10:59:52.000Z,"Keluargaku mau ngebiasain kalo buka pertama kali maem kurma. Tapi masih ae pertama kali abis minum terus megang gorengan, kurmane dianggurin",,ğŸ˜­,,,2,[],https://twitter.com/EigiPema/status/1385911360664477698,kurma
R I E F S,@Sahabat_Arif_id,2021-04-23T06:04:24.000Z,"Replying to 
@yusufabdnms",Aku klo buka puasa selalu pake itu.,,1,,,[],https://twitter.com/Sahabat_Arif_id/status/1385474617842622471,kurma
uknowlahh,@yusufabdnms,2021-04-23T06:38:24.000Z,Kurma sayang,,,1,,,[],https://twitter.com/yusufabdnms/status/1385483175070113793,kurma
Bapakmu,@penyemangatku__,2021-04-23T06:06:41.000Z,"Replying to 
@yusufabdnms",Aku cuma percaya sama kurma,,1,,,[],https://twitter.com/penyemangatku__/status/1385475194609831942,kurma
Jawa garis lucu | ada di webtoon!,@jawafess,2021-04-23T03:20:04.000Z,"Lur ,Apakah ini yang di namakan kecewa?","The following media includes potentially sensitive content. Change settings
View",,88,63,417,[],https://twitter.com/jawafess/status/1385433261594222592,kurma
avril_,@psikologmuda_,2021-04-23T03:23:32.000Z,bukan itu KURMA,,,,,,[],https://twitter.com/psikologmuda_/status/1385434134420496389,kurma
Tokoyaman,@Tokoyaman2,2021-04-24T06:07:46.000Z,"KURMA TUNIS SAPPHIRE
UKURAN 1/2 KG 50 #kurmasapphire",,,,,1,"['https://pbs.twimg.com/media/Ezt8K2uVUAE99q1?format=jpg&name=360x360', 'https://pbs.twimg.com/media/Ezt8LVkUUAIQ5xD?format=jpg&name=360x360', 'https://pbs.twimg.com/media/Ezt8LHQVUAEWhNa?format=jpg&name=360x360', 'https://pbs.twimg.com/media/Ezt8LoGVgAUY1oR?format=jpg&name=360x360']",https://twitter.com/Tokoyaman2/status/1385837852164984834,kurma
Teddy Gusnaidi,@TeddyGusnaidi,2021-04-25T05:01:41.000Z,"Replying to 
@TeddyGusnaidi","8. Sekarang gue kasih kesempatan ke anda untuk belajar menjadi laki2 sejati, lumayan anda bisa tampil di media dgn pernyataan maaf. Tapi kalau anda tidak mau, ya gak apa2 juga, itu pilihan anda. Banyak belajar lagi ya dek abubakar.. 
 @abubakarsegaf
Terima kasih
Teddy Abu Qurma",ğŸ˜Š,114,51,153,[],https://twitter.com/TeddyGusnaidi/status/1386183611347439623,kurma
BOIM AZZA,@imam_sendiriaza,2021-04-25T05:05:59.000Z,Situ abu kurma yg sono abi gosok,,ğŸ¤£ ğŸ¤£,,,2,[],https://twitter.com/imam_sendiriaza/status/1386184694065029120,kurma
Riann,@bogoshiipo,2021-04-26T13:23:39.000Z,"Replying to 
@FOODFESS2","gatau, kalau dikasih kurma tinggal makan gapernah cari tau tipe2 kurmanya",,,,,[],https://twitter.com/bogoshiipo/status/1386672322493313033,kurma
Max Imoez,@ImoezMax,2021-04-23T13:08:19.000Z,"Replying to 
@geraianakbunda","Blm pernah tuh bersihin kurma kyk gitu. Kurma ga perlu dicuci jg. 
Soalnya Klo beli yg kemasan n yg kering msh ada batang nya....itu yg plg Kusuka, lezat n Alhamdulillah menyehatkan.",ğŸ˜€,,,,[],https://twitter.com/ImoezMax/status/1385581298568159238,kurma
halim,@Halim02_ID,2021-04-23T11:28:52.000Z,"Replying to 
@ellyn_31",Kurma ,ğŸ‘,1,,,[],https://twitter.com/Halim02_ID/status/1385556272360030215,kurma
,@R_besar0804,2021-04-24T11:46:11.000Z,"3 buah kurma dihaluskan + potongan pisang + air hangat, enak bnget",,ğŸ‘¤,4,,5,['https://pbs.twimg.com/media/EzvJggAVUAAX9Zj?format=jpg&name=small'],https://twitter.com/R_besar0804/status/1385923017679593476,kurma
Tokoyaman,@Tokoyaman2,2021-04-24T08:18:56.000Z,"KURMA TUNIS SAPPHIRE
UKURAN 1/2 KG 50 #kurmasapphire",,,,,1,"['https://pbs.twimg.com/media/EzuaMYyVUAI75ED?format=jpg&name=360x360', 'https://pbs.twimg.com/media/EzuaM6mVkAAb8Ui?format=jpg&name=360x360', 'https://pbs.twimg.com/media/EzuaMreVIAAlPv6?format=jpg&name=360x360', 'https://pbs.twimg.com/media/EzuaNKMVEAUEExJ?format=jpg&name=360x360']",https://twitter.com/Tokoyaman2/status/1385870863342338049,kurma
Coffe addict,@timetofun69,2021-04-26T11:26:43.000Z,"Replying to 
@FWBESS",Air putih sama kurma,,,,,[],https://twitter.com/timetofun69/status/1386642895508103170,kurma
iqbal s,@Iqbal_Salam_,2021-04-25T11:30:11.000Z,"Replying to 
@ayanashb0306
 and 
@pegipegi",Instan kurma(?),,,,,[],https://twitter.com/Iqbal_Salam_/status/1386281380791799809,kurma
aku tikaa,@Kartika21504444,2021-04-23T16:43:15.000Z,"Replying to 
@mochammadmaola
 and 
@uinwsfess",pak dosen jga bawain martabak ya dulu ?,ğŸ­ ğŸ­,3,,,[],https://twitter.com/Kartika21504444/status/1385635388278984704,kurma
anak soleh,@jnkitwitr,2021-04-23T16:44:43.000Z,"klo mrtabaknya rasa kurma, apkh mnambah kesunnahan pak?",,,1,,,[],https://twitter.com/jnkitwitr/status/1385635759915356161,kurma
MituHu,@Hamadi88_,2021-04-24T18:10:30.000Z,Makan sahur atau berbuka menu kurma itu sunah namun pake NASI wajib untuk menjaga kesehatan ketahanan tubuh...,,,,,,[],https://twitter.com/Hamadi88_/status/1386019735192563716,kurma
ãƒ¯ã‚¹ãƒ†ã‚£,@wasti_127,2021-04-13T09:54:26.000Z,"Hiya2 es buah dan kawan2nya sudah bertebaran, selamat berbuka wilayah timur ",,ğŸŒ¸ ğŸ˜,,,,[],https://twitter.com/wasti_127/status/1381908628219650048,es buah
Zain,@mzainhimawan,2021-04-16T09:43:42.000Z,"Replying to 
@khoirunicaca_",Cah cilik,,1,,,[],https://twitter.com/mzainhimawan/status/1382993093381681156,es buah
Thiramisusu,@sayasukacuan,2021-04-16T11:26:03.000Z,Permisi es buah mas mbak 5rban,,,,,,[],https://twitter.com/sayasukacuan/status/1383018848316653573,es buah
RRQ JHONO,@m_onohJ,2021-04-18T11:00:32.000Z,"Pemcarian es buah termurah.
Es Naga Rp. 3.000",,,1,,,['https://pbs.twimg.com/media/EzQFp2IVoAs1SOI?format=jpg&name=small'],https://twitter.com/m_onohJ/status/1383737204866912261,es buah
Faisal Fadli,@faisalfadli55,2021-04-20T06:06:33.000Z,"Replying to 
@Laporankegiatan",Es buah,,1,,,[],https://twitter.com/faisalfadli55/status/1384387994329567233,es buah
Dinabol,@Tagentaa,2021-04-17T06:35:57.000Z,"""ma ntr bukaannya pake es pisang ijo ya, aku yang buat""

Mthr ""anehÂ² udah es buah aja""

Yakali 30 hari puasa es buah teros",,ğŸ˜­,1,,8,[],https://twitter.com/Tagentaa/status/1383308229938008065,es buah
FESS,@FOODFESS2,2021-04-23T11:46:38.000Z,"fess kasih inspirasi menu buka puasa yang sehat+enak dong guys
 thank you! ",,ğŸ¥º ğŸ¥°,3,,2,[],https://twitter.com/FOODFESS2/status/1385560745316737026,es buah
es,@teapaiit,2021-04-23T11:47:47.000Z,"Nasi, sayur bayam, ayam goreng, tahu goreng, buah pisang",,,,,,[],https://twitter.com/teapaiit/status/1385561034098810882,es buah
cilubahartami,@cilubahartamii,2021-04-25T04:39:42.000Z,"Kesellll lahhh kon mikir kabeh edan po,aku dewe seng mikir sopo",,ğŸ˜’,2,,3,[],https://twitter.com/cilubahartamii/status/1386178076539703296,es buah
cia,@xxpiec,2021-04-25T04:48:37.000Z,yowes tak ewangi mikir karo mangan es buah,,,1,,,[],https://twitter.com/xxpiec/status/1386180322404954113,es buah
ulfa,@khoirinida,2021-04-26T06:54:51.000Z,Lebih seger dari es buah,"The following media includes potentially sensitive content. Change settings
View",,,,,[],https://twitter.com/khoirinida/status/1386574477677318150,es buah
aku,@In_Hidayatul,2021-04-24T11:20:01.000Z,Manusia yg kalo nyari es buah setelah buka dan sholat (:,,,,,2,[],https://twitter.com/In_Hidayatul/status/1385916433394126848,es buah
chal,@zichal_,2021-04-26T07:24:23.000Z,"Replying to 
@scoldsmepls",Es teh seger mas,,1,,,[],https://twitter.com/zichal_/status/1386581909031964673,es buah
Ordinary Lucky Boy,@scoldsmepls,2021-04-26T07:24:57.000Z,Ini di aku ada es buah mz,,,1,,,[],https://twitter.com/scoldsmepls/status/1386582051776696321,es buah
es,@teapaiit,2021-04-23T21:17:36.000Z,"Replying to 
@FOOD_FESS",Pudding buah?,,,,,[],https://twitter.com/teapaiit/status/1385704430876516354,es buah
shella,@irtupallehs,2021-04-26T05:23:07.000Z,"Replying to 
@scoldsmepls",kalo nangis keluar es teh ya batal,,1,,,[],https://twitter.com/irtupallehs/status/1386551390445600769,es buah
Ordinary Lucky Boy,@scoldsmepls,2021-04-26T05:44:53.000Z,Dahal es buah,,,,,,[],https://twitter.com/scoldsmepls/status/1386556869670412288,es buah
S e n t o t,@dotnegn,2021-04-22T06:02:42.000Z,Hawane kudu ne ngombe esbuah sak kebon e,,,,,2,[],https://twitter.com/dotnegn/status/1385111802095161346,es buah
Niung Luxcyana,@niungluxcyana,2021-04-23T11:05:17.000Z,"Kok bisa ya orang-orang buka puasa langsung makan? Sedangkan aku, minum teh anget gelas kecil sama beberapa gorengan aja dah kenyang, ditambah es buah dah kenyang banget",,,1,,,[],https://twitter.com/niungluxcyana/status/1385550339189841920,es buah
Nur Azizah,@Azizah921,2021-04-23T05:16:41.000Z,"Busui ga puasa kan, habis dari sriwijaya aku mampir beli es buah langganan aku yg alpukate banyak.
Sampe rumah aku minum, eh ibuk bilang ""sisain dikit buat ibuk buka"" wkwk ternyata ibuk pengen jugaa ",,ğŸ˜†,,,,[],https://twitter.com/Azizah921/status/1385462611609747457,es buah
masker sensi 3ply,@ngadingadibgt,2021-04-25T21:13:51.000Z,Tadi yang diemâ€ beliin es buah siapa si,,,44,1,52,[],https://twitter.com/ngadingadibgt/status/1386428264994906118,es buah
wajan gosong,@ysrllthfi,2021-04-23T00:58:01.000Z,Sudahi puasamu mari luru es buah karo sego pecel bersamaku,,,2,,,[],https://twitter.com/ysrllthfi/status/1385397512199053316,es buah
mashar hilmi,@masharhilmi,2021-04-26T02:47:58.000Z,"Masih belum bisa lepas dari bayang-bayang pandemi. Biasanya tiap ramadan gini, anak-anak dah oyak2 ngajak bukber bareng. Masak di kelas dan bikin es buah bareng. Sambil muhasabah, pengakuan dosa selama di kegiatan OSIS dan Pramuka. Ternyata bahagiaku cuma sederhana.",,,,,1,[],https://twitter.com/masharhilmi/status/1386512346378477569,es buah
maspras,@_masprast,2021-04-24T07:28:38.000Z,"Nak golekmu sing sugih, gagah, gede dhuwur, aku mundur.
Tapi nak golekmu es buah aku titip siji.",,,,,1,[],https://twitter.com/_masprast/status/1385858204836401153,es buah
"CaT's
caT's",@bayusuryakusuma,2021-04-25T08:03:18.000Z,Ngabuburit sambil minus es buah.,,ğŸˆ ğŸ™€,,,,[],https://twitter.com/bayusuryakusuma/status/1386229316204122114,es buah
saf,@m_safiii,2021-04-26T10:30:07.000Z,Es buah melambai lambai,,,,,,[],https://twitter.com/m_safiii/status/1386628650053767176,es buah
ğ”¼ğ•Ÿğ•Ÿğ• ,@Ennoooook,2021-04-26T05:32:20.000Z,Tak kasih potoku siapa tau kangen ,,ğŸ˜› ğŸ˜œ ğŸ˜‹,13,3,47,"['https://pbs.twimg.com/media/Ez4HPQVVEAQUEzc?format=jpg&name=small', 'https://pbs.twimg.com/media/Ez4HPySVEAUua_V?format=jpg&name=small']",https://twitter.com/Ennoooook/status/1386553711883743233,es buah
yangkamucari,@najib56455109,2021-04-26T05:32:55.000Z,jadi pengen es buah,,,1,,,[],https://twitter.com/najib56455109/status/1386553860022366208,es buah
Sambungan rante,@Ythmasabi,2021-04-14T14:27:19.000Z,"Replying to 
@txtdrstoryWA
 and 
@cahmageran",Rasanya jd gorengan bangetttttttttttttttttttt,ğŸ˜ ğŸ˜ ğŸ˜,,,,[],https://twitter.com/Ythmasabi/status/1382339691974823938,gorengan
-,@tahukrispiiiii,2021-04-14T21:00:46.000Z,"Buka puasa boleh pake gorengan , tapi kalo sahurr.. tetep pake gorengan sisa tadi",,,,,1,[],https://twitter.com/tahukrispiiiii/status/1382438705755934723,gorengan
Geshar Vaelanorr,@gesharvaela,2021-04-15T14:05:06.000Z,"Kalau malam ga bisa makan gorengan
Contohnya kentang goreng
Padahal kan enak",,,,,,[],https://twitter.com/gesharvaela/status/1382696489227522051,gorengan
elifaz eldy,@elifazeldy,2021-04-16T08:47:36.000Z,"Replying to 
@rahmadansid
 and 
@TradingDiary2","salah mas. jangan beli gorengan kalo kamu bukan bandarnya... Wkwk,",,2,,,[],https://twitter.com/elifazeldy/status/1382978973676699649,gorengan
NitNot â˜,@__MV_llestari__,2021-04-16T05:42:00.000Z,"Replying to 
@Yunik41643707
 and 
@subindiahneelam",Gitu ya Mbak... aku belum kesana lagi sdh hampir 3bln.,,2,1,2,[],https://twitter.com/__MV_llestari__/status/1382932265605292036,gorengan
diah wulandari,@subindiahneelam,2021-04-16T05:43:32.000Z,"Nyoook mb kita ksana bareng biar isa dpt gorengan lbh murah 
,",,ğŸ˜† ğŸ˜† ğŸ˜†,,1,1,[],https://twitter.com/subindiahneelam/status/1382932653213589509,gorengan
Pak Ogah,@Pamungkastegarr,2021-04-14T16:14:25.000Z,"Gatau lagi,
Walaupun cuman gorengan, tapi kalau buka bareng sama keluarga tuh rasanya tetap kaya gorengan.",,,1,,,[],https://twitter.com/Pamungkastegarr/status/1382366642890428421,gorengan
NitNot â˜,@__MV_llestari__,2021-04-16T05:34:58.000Z,1000 tahun ...? Keburu bulukan,"Quote Tweet
Nur Fatimah
@NurPati20342048
 Â· 16 Apr
Replying to @__MV_llestari__
Puaskan hatimu trus benci ulama,biar,ap yg di katakan U Haikal,nyata saat km mati.,tinggal tunggu giliran ya,umur manusia gk ada yg 1000 tahun",,6,5,27,['https://pbs.twimg.com/profile_images/1381427188956680193/kzN-N0Tw_mini.jpg'],https://twitter.com/__MV_llestari__/status/1382930497613881350,gorengan
diah wulandari,@subindiahneelam,2021-04-16T05:37:44.000Z,"1000 dpt gorengan 1biji mb nit 
,",,âœŒ ğŸ˜ ğŸ¤­,1,1,2,[],https://twitter.com/subindiahneelam/status/1382931192790458368,gorengan
Jon Roky,@benrkwes,2021-04-15T15:53:21.000Z,"Nek pas awan2 mbayangkene mie ayam. Bareng wes buko, gorengan 2 mbi teh anget wes wareg... hiburane wong poso",,,,,,[],https://twitter.com/benrkwes/status/1382723730862862343,gorengan
Icha,@andhkctra,2021-04-13T09:48:52.000Z,"Budidi: â€œpokoknya selama ramadan no bikin gorengan ya, cari ide cemilan yang lain yang no goreng gorengâ€
.
Also Budidi, untuk buka puasa hari pertama: bikin pisang goreng.

Pisang goreng.
Tengkyu.",,â˜€,,,,['https://pbs.twimg.com/media/Ey2FS5AUUAI7EZV?format=jpg&name=900x900'],https://twitter.com/andhkctra/status/1381907228093865985,gorengan
TOM'S,@RonoReneRemen,2021-04-21T10:55:33.000Z,"Ws kelebon es cincau, gorengan trs ngerokok.
Meripatku langsung padang. ",,ğŸ˜…,,,1,[],https://twitter.com/RonoReneRemen/status/1384823111451766786,gorengan
Geshar Vaelanorr,@gesharvaela,2021-04-21T11:14:12.000Z,"Sate kerbau 
Tumben
Mgkn krn pakai bumbunya
Atau efek tadi sore sotoy makan gorengan pdhl tau kalau emg lg ga makan gorengan

Huhu sedih",,âŒ,,,,[],https://twitter.com/gesharvaela/status/1384827807621017601,gorengan
N A,@nofiandrea,2021-04-19T14:03:09.000Z,Gimana cara mutusin toxic relationshipku sama gorengan,,,,,,[],https://twitter.com/nofiandrea/status/1384145549792747520,gorengan
,@ahnaaaaa_,2021-04-21T04:29:36.000Z,"Harusnya bisalah habis puasa bb turun drastis, apalagi bulan ramadhan ini jarang bgt hampir ga pernah jajan cemilan, gorengan, es rasa2 sama jarang banget makan sahur ",,âœ¨ ğŸ™ƒ,,,,[],https://twitter.com/ahnaaaaa_/status/1384725985908563973,gorengan
D P,@DavinPu11570306,2021-04-24T20:45:26.000Z,"Replying to 
@BPrima777
 @NidNad08
  and 18 others",Done,ğŸ’–,,,3,[],https://twitter.com/DavinPu11570306/status/1386058727044771841,gorengan
b3aja,@b3ajalah,2021-04-25T07:52:37.000Z,"Follow 
@itsZuhaZu
 for 1K

Help my lovely bro n sis 
@AbidinBoryta
@BPrima777
@tnmuda
@F_TheDoctor
@abbynfam123
@lejef
@gorengan_27
@Even1508
@extra_nkri
@DavinPu11570306
@WaraslahNKRI
@CadProSoerya
@gantiindong
@LKman007
@BinsarNixon_
@Nadjib_178
@Lundayee
@wenda_N99",GIF,ğŸ˜,17,15,50,['https://pbs.twimg.com/tweet_video_thumb/EzzdxO8VkAcwqI1.jpg'],https://twitter.com/b3ajalah/status/1386226628901015553,gorengan
D P,@DavinPu11570306,2021-04-25T10:19:40.000Z,"Done 
 @itsZuhaZu
 ",,ğŸ’– ğŸ‘‰ ğŸ‘ ğŸ‘,,,1,[],https://twitter.com/DavinPu11570306/status/1386263633127100419,gorengan
Afif,@apeep__,2021-04-23T13:52:42.000Z,"Replying to 
@txtracunbelanja",Gorengan everyday,,1,,1,[],https://twitter.com/apeep__/status/1385592468545048583,gorengan
Gorengan bakwan 500an,@BakwanEskrim,2021-04-26T04:38:15.000Z,"Replying to 
@kdrama_menfess",cakep amat pusing ,ğŸ˜­,,,,[],https://twitter.com/BakwanEskrim/status/1386540100893376519,gorengan
Gorengan Bakar,@Zuulll10_,2021-04-23T05:35:50.000Z,Tetep main core walaupun gabisa gendong tim :),,,,,,[],https://twitter.com/Zuulll10_/status/1385467428616904707,gorengan
Bakpia is Gorengan,@UdinArtha,2021-04-24T06:33:52.000Z,Berdasar pada ketidakjelasan ya akan tidakjelas seterusnya,"Quote Tweet
Khazanah GNH
@na_dirs
 Â· 24 Apr
Mudik dilarang. Tapi ke tempat wisata, boleh. Santri juga boleh pulang. 

Kebijakan gak konsisten begini yg bikin susah jelasin ke masyarakat. 

Jadi sebenarnya yg dilarang itu apanya? Kerumunannya? Risiko penularannya? Atau apanya? 

Kami setuju mudik dilarang. Tapi konsisten!",ğŸ˜…,,,,['https://pbs.twimg.com/profile_images/1322532172843003905/XsR1WIiD_mini.jpg'],https://twitter.com/UdinArtha/status/1385844422860972033,gorengan
Patricia,@patadinatha,2021-04-25T06:10:07.000Z,"Replying to 
@mbahsat",Uang abis buat tiket pulang dan ongkir,ğŸ¥²,2,,,[],https://twitter.com/patadinatha/status/1386200830584393728,gorengan
Gorengan Bakar,@Zuulll10_,2021-04-26T05:20:08.000Z,"'Cinta tumbuh dalam beda agama?' 
Mungkin sah"" Saja asal saling menghargai satu sama lain, dan pastinya harus tau konsekuensi di akhir cerita, apakah akan indah dikala salah satu mengalah, atau tetap berpegang teguh keyakinan masing"" Namun akan menjadi asing.",,,,,2,[],https://twitter.com/Zuulll10_/status/1386550641250553857,gorengan
Bakpia is Gorengan,@UdinArtha,2021-04-26T14:31:54.000Z,"Replying to 
@nisanessa
 and 
@chocolavabr",Wkwkwkw..mantulll,,,,,[],https://twitter.com/UdinArtha/status/1386689496574398467,gorengan
ira,@comelsekaliii,2021-04-26T09:47:07.000Z,knp tiap mo buka puasa yg dicari gorengan si,,,,,8,[],https://twitter.com/comelsekaliii/status/1386617830548729858,gorengan
Tour Driver Jogja,@SewaMobilYogya,2021-04-25T09:15:24.000Z,Cari takjil yang bukan gorengan,,,,,,"['https://pbs.twimg.com/media/EzzwrlaUcAEeYgl?format=jpg&name=360x360', 'https://pbs.twimg.com/media/EzzwtBOVgAAt_Pf?format=jpg&name=360x360']",https://twitter.com/SewaMobilYogya/status/1386247461589733379,gorengan
iigipimimimi_,@EigiPema,2021-04-24T10:59:52.000Z,"Keluargaku mau ngebiasain kalo buka pertama kali maem kurma. Tapi masih ae pertama kali abis minum terus megang gorengan, kurmane dianggurin",,ğŸ˜­,,,2,[],https://twitter.com/EigiPema/status/1385911360664477698,gorengan
Raden Rauf AM,@radenrauf,2021-04-26T05:28:11.000Z,Apa yang mengganggu pikiranmu sekarang?,,,1.9K,856,5.8K,[],https://twitter.com/radenrauf/status/1386552667275620355,gorengan
Gorengan bakwan 500an,@BakwanEskrim,2021-04-26T06:35:02.000Z,duit bang cepet banget abisnya heran ,,ğŸ˜­,,,,[],https://twitter.com/BakwanEskrim/status/1386569489341288448,gorengan
Gorengan bakwan 500an,@BakwanEskrim,2021-04-23T00:58:48.000Z,"Replying to 
@infodrakor_id",Happy Birthday kesayangan aku,,,,,[],https://twitter.com/BakwanEskrim/status/1385397710275026946,gorengan
Bakpia is Gorengan,@UdinArtha,2021-04-26T09:53:27.000Z,"Replying to 
@ervando_19",Apik rekk..yak opo kabare sam?,,,,,[],https://twitter.com/UdinArtha/status/1386619424820449284,gorengan
MB,@koleksibasreng,2021-04-24T10:51:53.000Z,"Es teh manis + gorengan 2 ama cabe + sebat, asli kenyangnya simple banget.",,,,,,[],https://twitter.com/koleksibasreng/status/1385909355325788162,gorengan
Niung Luxcyana,@niungluxcyana,2021-04-23T12:26:53.000Z,"Wkwkwk, apaan mung mangan gorengan 2 biasane wes",,,,,,[],https://twitter.com/niungluxcyana/status/1385570872501493761,gorengan
Chaplin,@berlin_rosady12,2021-04-26T08:21:53.000Z,"Replying to 
@bibabdul98
 and 
@faqih14hidayat","ssemangat swuuu, jangan pantang menyerah, bajingan kok lemah",,1,,,[],https://twitter.com/berlin_rosady12/status/1386596378550292482,gorengan
GONDES,@bibabdul98,2021-04-26T08:26:11.000Z,"Bajingan kok loyo, kyk gorengan kemaren sore",,ğŸ˜‚,1,,,[],https://twitter.com/bibabdul98/status/1386597460739432448,gorengan
CEK TIMELINE | BACA RULES,@kdrama_menfess,2021-04-26T05:15:03.000Z,"â€¢kdmâ€¢ 
preview vincenzo ep 19 udah keluar nih","The following media includes potentially sensitive content. Change settings
View
From 
ì·¨í–¥",ğŸ”¥,122,140,259,[],https://twitter.com/kdrama_menfess/status/1386549363938185216,gorengan
Gorengan bakwan 500an,@BakwanEskrim,2021-04-26T06:55:06.000Z,si babo napa jadi ganteng banget dah tolong ,,ğŸ˜­,,,,[],https://twitter.com/BakwanEskrim/status/1386574542173130752,gorengan
Diska Rahmita Gasti,@DSKRG1412,2021-04-24T07:35:57.000Z,kalau gorengan bakso? ehee ,"Quote Tweet
Radio Suara Surabaya
@e100ss
 Â· 24 Apr
Jangan Konsumsi Gorengan Saat Berbuka Puasa, Ini Alasannya
https://suarasurabaya.net/senggang/2021/jangan-konsumsi-gorengan-saat-berbuka-puasa-ini-alasannya/â€¦",ğŸ˜‹,,,,['https://pbs.twimg.com/profile_images/1364017425482539010/csyW-9AF_mini.jpg'],https://twitter.com/DSKRG1412/status/1385860046769123330,gorengan
D P,@DavinPu11570306,2021-04-26T08:52:35.000Z,"Replying to 
@Abidin_Boryta02
 @Da__Eli
  and 17 others","Done . 
Makasih bang sdh di list 
@Abidin_Boryta02",ğŸ’–,,1,1,[],https://twitter.com/DavinPu11570306/status/1386604106240839681,gorengan
D I O N,@Abangdionnn,2021-04-23T13:17:08.000Z,"Replying to 
@sebuahkeset",team gorengan dan es teh ,ğŸ˜‚,1,,,[],https://twitter.com/Abangdionnn/status/1385583520408473609,gorengan
CEK TIMELINE | BACA RULES,@kdrama_menfess,2021-04-22T11:50:45.000Z,"â€¢kdmâ€¢
Guys yaampun aku takut bgt 
 pacarku deket-deket sama Ba Reum 
 ini gmn dong takut digeprek ","The following media includes potentially sensitive content. Change settings
View",ğŸ˜­ ğŸ˜­ ğŸ˜­ ğŸ˜­ ğŸ˜­,68,163,1.2K,[],https://twitter.com/kdrama_menfess/status/1385199392773197828,gorengan
Gorengan bakwan 500an,@BakwanEskrim,2021-04-23T01:11:11.000Z,PACAR SAYA KENAPA DI POST WEY !!! ,,ğŸ˜­ ğŸ˜­ ğŸ˜­,,,,[],https://twitter.com/BakwanEskrim/status/1385400826244390913,gorengan
AMIN,@aminologi,2021-04-26T08:59:20.000Z,methylprednisolon sek ben iso ngombe es dan makan gorengan ehehehe,,,,,1,[],https://twitter.com/aminologi/status/1386605805248532485,gorengan
KLATEN SAMBATAN,@klatensambatan,2021-04-24T12:19:26.000Z,"Replying to 
@timelinejowo",Ngrtio ngono tak suguhi esteh,ğŸƒ,1,,,[],https://twitter.com/klatensambatan/status/1385931384250716160,gorengan
TIMELINE JOWO,@timelinejowo,2021-04-24T12:35:19.000Z,mbi gorengan ya lur,,,1,,,[],https://twitter.com/timelinejowo/status/1385935382236131330,gorengan
Lulu Salsabila,@A_LuluJKT48,2021-04-25T11:08:07.000Z,"Selamat berbuka
Buka pake apa?",,âœ¨,76,21,663,[],https://twitter.com/A_LuluJKT48/status/1386275824647610369,gorengan
mail,@isumaairu,2021-04-25T11:56:03.000Z,"Pake gorengan sama es sirup. 
Belum makan nasi, masih kenyang ",,ğŸ˜…,,,,[],https://twitter.com/isumaairu/status/1386287887851810817,gorengan
AMIN,@aminologi,2021-04-26T10:51:10.000Z,alhamdulilah iseh iso mangan gorengan tapi ga wani ngombe es ehehehehe,,,1,,5,[],https://twitter.com/aminologi/status/1386633947702960128,gorengan
CEK TIMELINE | BACA RULES,@kdrama_menfess,2021-04-23T01:23:43.000Z,"Ada yg lagi on going nonton Mouse dan Beyond Evil barengan?

Kalian jadi 'gila' ga? 
â€¢kdmâ€¢",,ğŸ˜Œ,22,3,7,[],https://twitter.com/kdrama_menfess/status/1385403983032766466,gorengan
Gorengan bakwan 500an,@BakwanEskrim,2021-04-23T01:29:31.000Z,pusing tapi oleng juga sama Ba Reum,,,,,,[],https://twitter.com/BakwanEskrim/status/1385405443267198981,gorengan
FESS,@FFOODFESS,2021-04-22T21:11:29.000Z,"Fess suami bucin mie ayam, aku bikinlah buat sahur gini. Dia komplen disuapan pertama katanya mienya kegedean, emang iya ya? Jdnya gk dia abisin ","The following media includes potentially sensitive content. Change settings
View",ğŸ˜¥,2.2K,2.9K,7.9K,[],https://twitter.com/FFOODFESS/status/1385340505085513732,gorengan
Inisial R,@DRR_1312,2021-04-22T21:52:07.000Z,la rak jerawaten dok nek mangan gorengan ?,,,,,,[],https://twitter.com/DRR_1312/status/1385350732400848899,gorengan
Indo Premier Sekuritas,@indopremier,2021-04-26T03:00:50.000Z,"#THRdariIPOT hari pertama.

Giveaway top up RDN @ Rp100.000 untuk 2 orang.

Cukup reply di bawah, kalau kamu tiba-tiba dapat Rp100.000 dari IPOT, mau dipakai buat apa? Pakai hashtag #THRdariIPOT & #SemuaBisaInvestasi ya.",,,283,33,69,[],https://twitter.com/indopremier/status/1386515584892882955,gorengan
dama hendra,@damahendraAP,2021-04-26T05:06:01.000Z,"Buat beli gorengan, canda gorengan #THRdariIPOT #SemuaBisaInvestasi",,,,,,[],https://twitter.com/damahendraAP/status/1386547087060332544,gorengan
Tokopedia,@tokopedia,2021-04-25T08:58:48.000Z,"MENANGKAN REDMI NOTE 9
Caranya:

1. Follow 
@tokopedia
 dan Instagram 
@tokopedia
 play
2. RETWEET dan LIKE TWEET INI
3. Reply â€œTOKOPEDIA PLAYâ€ dengan hashtag #BTSDiTokopediaPlay #Cuma20Ribu

SEBANYAK-BANYAKNYAAAAA
Pemenang dipilih secara acak diumumkan 30 Mei 2021",,ğŸ’œ ğŸ’œ ğŸ’š ğŸ’œ ğŸ’š ğŸ’œ,19.2K,512,1.2K,['https://pbs.twimg.com/media/Ezzs6xnVkAUN0fw?format=jpg&name=small'],https://twitter.com/tokopedia/status/1386243284805189633,gorengan
Gorengan bakwan 500an,@BakwanEskrim,2021-04-25T09:58:52.000Z,"BISMILLAH INSYAALLAH MENANG
TOKOPEDIA PLAY
#BTSDiTokopediaPlay #Cuma20Ribu",,,,,,[],https://twitter.com/BakwanEskrim/status/1386258400485412865,gorengan
Tokopedia,@tokopedia,2021-04-23T12:16:38.000Z,"Menangkan SAMSUNG A80
Cara ikutannya  
1. FOLLOW TWITTER 
@tokopedia
  
2. RT dan LIKE tweet ini  
3. Reply â€œSelalu Ada Selalu Bisaâ€ dan gunakan hashtag #WIBSpesialRamadan #TerimakasihMinto #AmankanRemoteTV",,ğŸ’œ ğŸ’œ,30.5K,5.7K,8.4K,['https://pbs.twimg.com/media/EzqC-4uUYAIHKKW?format=jpg&name=small'],https://twitter.com/tokopedia/status/1385568293432397826,gorengan
Gorengan bakwan 500an,@BakwanEskrim,2021-04-24T09:47:50.000Z,"Bismillah...
Selalu Ada Selalu Bisa
#WIBSpesialRamadan #TerimakasihMinto #AmankanRemoteTV",,,,,,[],https://twitter.com/BakwanEskrim/status/1385893233939476481,gorengan
Gorengan bakwan 500an,@BakwanEskrim,2021-04-25T09:57:46.000Z,"Replying to 
@tokopedia","BISMILLAH INSYAALLAH MENANG
TOKOPEDIA PLAY
#BTSdiTokopediaPlay #Cuma20Ribu",,,,,[],https://twitter.com/BakwanEskrim/status/1386258120452689925,gorengan
Gorengan bakwan 500an,@BakwanEskrim,2021-04-25T09:56:44.000Z,"Replying to 
@tokopedia","Bismillah insyaAllah menang 
TOKOPEDIA PLAY #BTSdiTokopediaPlay #Cuma20Ribu",,,,,[],https://twitter.com/BakwanEskrim/status/1386257860892401669,gorengan
TOM'S,@RonoReneRemen,2021-04-14T13:19:25.000Z,"Replying to 
@greentteaaa",Lha nk sing enak digawe kolak sing jenis opo mbak?? ,ğŸ˜…,,,,[],https://twitter.com/RonoReneRemen/status/1382322602165686275,kolak
Mita Wullur,@MitaWullur,2021-04-16T00:00:47.000Z,"Selamat pagi.... hari ini Jumat ya... yuuuk ah aku ada 50rb buat dua orang buat beli kolak ato es buah di gerobak mamang sebelah. 

Gopay aja ya... cuma jawab mau... kalo nggak mau juga nggak apa.. aku jajan sendiri aja 
End jam 15.00 biar sempet beli nya",,ğŸ˜,175,85,156,['https://pbs.twimg.com/media/EzDbdyfUYAUteIn?format=jpg&name=small'],https://twitter.com/MitaWullur/status/1382846395162394626,kolak
diah wulandari,@subindiahneelam,2021-04-16T00:07:42.000Z,"Mauuuuuuuu makek kebangetan mom 
,
Jadi pengen sahur 1xn berbuka puasa skg ngliat kolak pisang + es campur ny mommy 
,",,ğŸ’ƒ ğŸ’ƒ ğŸ’ƒ ğŸ’ƒ ğŸ’ƒ ğŸ’ƒ ğŸ¤£ ğŸ¤£ ğŸ¤£ ğŸ¤£ ğŸ™ˆ,,,1,[],https://twitter.com/subindiahneelam/status/1382848135131664385,kolak
AMA,@af_if,2021-04-15T12:52:24.000Z,"Replying to 
@amippr",Pemburu kolak ,ğŸ¤£ ğŸ¤£,,,,[],https://twitter.com/af_if/status/1382678192914239491,kolak
diah wulandari,@subindiahneelam,2021-04-16T00:08:52.000Z,"Nyoooook merapat nyooook kolak pisang n es campurny dah menanti 
,","Quote Tweet
Mita Wullur
@MitaWullur
 Â· 16 Apr
Selamat pagi.... hari ini Jumat ya... yuuuk ah aku ada 50rb buat dua orang buat beli kolak ato es buah di gerobak mamang sebelah. 

Gopay aja ya... cuma jawab mau... kalo nggak mau juga nggak apa.. aku jajan sendiri aja 
End jam 15.00 biar sempet beli nya",ğŸ’ƒ ğŸ’ƒ ğŸ’ƒ ğŸ’ƒ ğŸ’ƒ ğŸ˜,,,2,"['https://pbs.twimg.com/profile_images/914272883618201601/dQAJ0v2U_mini.jpg', 'https://pbs.twimg.com/media/EzDbdyfUYAUteIn?format=jpg&name=small']",https://twitter.com/subindiahneelam/status/1382848430842683392,kolak
Nasgor Tiarbah Semarang,@nastisemarang,2021-04-23T07:49:33.000Z,"Setelah kemarin bermain dengan sirup, hari ini mainannya santan.
Gapapa ya 

Kolak Pisang Waluh Kolang-Kaling

yuk mulai pesen di 
@nasgortiarbah
 Semarang
http://bit.ly/Gosemego

buka puasa ga ribet, masih dapet takjil kolak",,,,3,1,"['https://pbs.twimg.com/media/EzpJ2YLVoAEjwMd?format=jpg&name=360x360', 'https://pbs.twimg.com/media/EzpJ2nXUYAYz1hn?format=jpg&name=360x360', 'https://pbs.twimg.com/media/EzpJ4RAUYAQtFXF?format=jpg&name=small']",https://twitter.com/nastisemarang/status/1385501080700682243,kolak
Jali,@ohsijali,2021-04-23T11:28:55.000Z,"Replying to 
@joestz_",Maksudnyaa?,,1,,,[],https://twitter.com/ohsijali/status/1385556285244854280,kolak
ã‚¸ Joe,@joestz_,2021-04-23T13:44:30.000Z,"Iyaa Kolak mas Sijali, wkwk maksudnya gmna wkwk ",,ğŸ˜‚,,,,[],https://twitter.com/joestz_/status/1385590406667071492,kolak
Jali,@ohsijali,2021-04-23T10:47:01.000Z,"Replying to 
@joestz_",Kolak adek wk,,1,,,[],https://twitter.com/ohsijali/status/1385545740303224839,kolak
ã‚¸ Joe,@joestz_,2021-04-23T10:54:49.000Z,Kolak punya kamu itu apa mas Bakul ,,ğŸ¤­ ğŸ˜‚,1,,,[],https://twitter.com/joestz_/status/1385547702356766725,kolak
ë¹›_Kamalia,@LyaCamaL,2021-04-25T11:07:24.000Z,Ketagihan bikin kolak sendiri ,,ğŸ˜,,,,[],https://twitter.com/LyaCamaL/status/1386275644791689220,kolak
Avoskin Official,@avoskinbeauty,2021-04-24T20:00:00.000Z,"Saatnya sahur bersama Avoskin! 
Coba lanjutkan pantun di bawah ini dengan reply tweet ini ya Sahabat Avo, jangan lupa sertakan #GlowinRamadhan . 
Seperti biasa, akan ada 1 orang beruntung yang mendapatkan special gift dari Avoskin. ",,ğŸ˜˜ âœ¨ ğŸ¤­,119,14,51,['https://pbs.twimg.com/media/EzvescsVEAMMnHp?format=jpg&name=small'],https://twitter.com/avoskinbeauty/status/1386047293648998406,kolak
Hobitaminophenum,@oleum_rosae,2021-04-24T20:44:30.000Z,"Buka puasa di rumah saja
Bukanya pakai kolak
Avoskin terbaik sepanjang masa
Itu fakta nyata, gak bisa dielak

 (*^^*)
#GlowInRamadhan",,ğŸ’œ ğŸ’œ,,,,[],https://twitter.com/oleum_rosae/status/1386058489206824962,kolak
Ahmad Rakha' Maulana,@rakhamaulana__,2021-04-24T23:08:21.000Z,mashaallah akhi kyrie takjil teng amerika dhahar nopo? enten kolak mboten?,"Quote Tweet
A. Ainur Rohman
@ainurohman
 Â· 25 Apr
Akhirnya, untuk kali pertama, Kyrie Irving membicarakan secara terbuka bahwa dia sudah masuk Islam.

Dan Irving langsung ikut menjalankan ibadah puasa perdananya.",,,,1,"['https://pbs.twimg.com/profile_images/1171270899649015808/ZDTJxzHN_mini.jpg', 'https://pbs.twimg.com/ext_tw_video_thumb/1385800152435286016/pu/img/pzEBEs9vgNQ3Ex3o.jpg']",https://twitter.com/rakhamaulana__/status/1386094690731241477,kolak
ğšŒğšŠğš›ğ™¾ğ™»ğ™¸ğ™½ğšŠ ğš›ğš’ğšŠ ğš˜ğš”ğš.,@genduti,2021-04-26T13:34:53.000Z,"Replying to 
@DonnieAulia",Saya maunya kolak. ,ğŸ˜,1,,,[],https://twitter.com/genduti/status/1386675148309221376,kolak
Heeresgruppe Mitte,@DonnieAulia,2021-04-26T13:36:39.000Z,"Kalo kolak langsung minta sama Mbak Tarminah, tp tlg diicipi sedikit, takute keliru jangan lodeh.",,,1,,,[],https://twitter.com/DonnieAulia/status/1386675593148731392,kolak
ica,@noliesly,2021-04-23T12:35:09.000Z,"Replying to 
@FOOD_FESS",kolak ubi,ğŸŒ¬,,,,[],https://twitter.com/noliesly/status/1385572952310116356,kolak
pyororong,@catstrph,2021-04-23T17:21:57.000Z,"Replying to 
@xslfnx",Kukuliti buah zakarmu,ğŸˆ,1,,,[],https://twitter.com/catstrph/status/1385645129780715522,kolak
Bu Yusup,@xslfnx,2021-04-23T17:22:35.000Z,tak gawe kolak lalu tak buang begitu saja,,,1,,,[],https://twitter.com/xslfnx/status/1385645289847939073,kolak
Robet,@axolotl_brown,2021-04-23T10:47:19.000Z,"Replying to 
@missfajriah99",Kolak+rokok,,,,,[],https://twitter.com/axolotl_brown/status/1385545816236990466,kolak
Widodo farm,@widodocayo,2021-04-23T04:44:30.000Z,"Replying to 
@ChusnulCh__
 @airlangga_hrt
  and 4 others",Tanpa jaminan?,,1,,,[],https://twitter.com/widodocayo/status/1385454508696772609,kolak
gagal sarjana,@phee_nophee,2021-04-23T06:07:42.000Z,Enak buat Kolak,,,,,,[],https://twitter.com/phee_nophee/status/1385475446620385281,kolak
IM3 Ooredoo,@IM3Ooredoo,2021-04-25T10:00:00.000Z,"Pasti enak banget tuh kalau buka itu, kira-kira apa ya?

Langsung RT dan reply jawaban kamu, sertakan hashtag #BerkahBerbuka #SilaturahmiTanpaHenti
 dan jangan lupa mention 3 temen kamu ya. Syarat dan ketentuan klik https://bit.ly/BerkahBerbuka2021â€¦",,,80,64,44,['https://pbs.twimg.com/media/EzzySe4UUAQENsr?format=jpg&name=small'],https://twitter.com/IM3Ooredoo/status/1386258685513670659,kolak
azahwan,@azahwan1,2021-04-25T10:05:30.000Z,"A. Kolak Pisang 
@nda_ra88
 @rosaclaudia_r
 @HakimGhendut
 #BerkahBerbuka #SilaturahmiTanpaHenti",,,,2,,[],https://twitter.com/azahwan1/status/1386260067566063627,kolak
DeSÎ£niTy,@kamu_csy,2021-04-18T09:18:00.000Z,"Replying to 
@_amiimoodz","Aku lagi pengen sop buah, terus makannya sapotahu keknya ena 
 ",ğŸŒ ğŸ˜˜ ğŸ¤£,1,,,[],https://twitter.com/kamu_csy/status/1383711398774001666,sop buah
Mita Wullur,@MitaWullur,2021-04-16T00:00:47.000Z,"Selamat pagi.... hari ini Jumat ya... yuuuk ah aku ada 50rb buat dua orang buat beli kolak ato es buah di gerobak mamang sebelah. 

Gopay aja ya... cuma jawab mau... kalo nggak mau juga nggak apa.. aku jajan sendiri aja 
End jam 15.00 biar sempet beli nya",,ğŸ˜,175,85,156,['https://pbs.twimg.com/media/EzDbdyfUYAUteIn?format=jpg&name=small'],https://twitter.com/MitaWullur/status/1382846395162394626,es campur
diah wulandari,@subindiahneelam,2021-04-16T00:07:42.000Z,"Mauuuuuuuu makek kebangetan mom 
,
Jadi pengen sahur 1xn berbuka puasa skg ngliat kolak pisang + es campur ny mommy 
,",,ğŸ’ƒ ğŸ’ƒ ğŸ’ƒ ğŸ’ƒ ğŸ’ƒ ğŸ’ƒ ğŸ¤£ ğŸ¤£ ğŸ¤£ ğŸ¤£ ğŸ™ˆ,,,1,[],https://twitter.com/subindiahneelam/status/1382848135131664385,es campur
Mell,@Mella2420,2021-04-13T06:49:34.000Z,Aduh pengen es campur pakek susu ,,ğŸ™„,,,,[],https://twitter.com/Mella2420/status/1381862105326833666,es campur
WICAK,@PEMUD4rk,2021-04-16T10:07:30.000Z,"Replying to 
@dwiebob1
 and 
@riothrq",Orang tua nih solusi buat dwi,,2,,,[],https://twitter.com/PEMUD4rk/status/1382999081098698753,es campur
KangSuntik!,@ariefmuhammad_s,2021-04-16T22:00:37.000Z,Es anggur dong jadinya bukan es campur,,,1,,,[],https://twitter.com/ariefmuhammad_s/status/1383178543861886978,es campur
Echa lagi suka drakoran,@catatansicucuth,2021-04-14T06:34:43.000Z,Hayo pilih mana diaduk atau nggak,,,3,,,['https://pbs.twimg.com/media/Ey6ictAUYAA00oG?format=jpg&name=small'],https://twitter.com/catatansicucuth/status/1382220757707550720,es campur
Hidayah Sulistyowati ~ Lifestyle Blogger,@Hidayah_Art,2021-04-14T06:46:58.000Z,Aduduhh... Kalo es campur enakan diaduk ,,ğŸ˜‚,,,,[],https://twitter.com/Hidayah_Art/status/1382223839631872002,es campur
rrr,@ristyarisris,2021-04-17T08:07:42.000Z,"Biarin dia kelar sama urusane dulu
Gabole ikut campur
Kamu bukan es campur
Ehehehe",,,1,,1,[],https://twitter.com/ristyarisris/status/1383331322098188289,es campur
agil,@fragilityy_,2021-04-17T10:26:15.000Z,yaallah aku beli es campur sampe beli 2 saking hausnya,,ğŸ˜£ ğŸ˜£,3,,2,[],https://twitter.com/fragilityy_/status/1383366186340028421,es campur
zivaal,@wrwrzzz,2021-04-23T05:52:56.000Z,siang gini liat teh botol kaya teh botol Sosro,,,124,,12,[],https://twitter.com/wrwrzzz/status/1385471731259740160,es campur
rimaaa l camaba 2021,@americanocoff,2021-04-23T06:59:37.000Z,lebih enak es campur,,,,,,[],https://twitter.com/americanocoff/status/1385488515819921408,es campur
-,@orangpentingggg,2021-04-23T09:09:07.000Z,yaallah buka masi lama,,,3,,2,[],https://twitter.com/orangpentingggg/status/1385521103179816969,es campur
REZ - GIVEAWAY CEK PINNED!,@doyan_esteh,2021-04-23T09:14:31.000Z,Es campur es kolak menanti,,ğŸ¥ƒ,,,,[],https://twitter.com/doyan_esteh/status/1385522462704640001,es campur
Dils~,@padiiiilllll,2021-04-25T09:35:25.000Z,"pengen spaghetti, pengen durian, pengen es campur, pengen eskrim, pengen rendang. pengen pengen pengen.",,,,,,[],https://twitter.com/padiiiilllll/status/1386252499942707200,es campur
saneee,@alreadysane,2021-04-25T07:09:21.000Z,"wes kesel, ditambahi mangkel, wallahi nganti raiso nahan misuh aku, cocote lho menyimpulkan sendiri senengane, ki udu masalah syukur ra syukur su, loro mental yo mental, aku dikon ngalah terus yo remuk lah bajingan, tau reti rak berita wong mati mergo mangan ati? asu asu",,,2,,2,[],https://twitter.com/alreadysane/status/1386215738088689676,es campur
REZ - GIVEAWAY CEK PINNED!,@doyan_esteh,2021-04-25T07:20:08.000Z,Mik es campur ben adem pikirane,,ğŸ¥ƒ,,,,[],https://twitter.com/doyan_esteh/status/1386218452558368773,es campur
Tour Driver Jogja,@SewaMobilYogya,2021-04-26T06:05:02.000Z,33Â°C jajanan buka puasa nanti sore paling laku minuman dingin seperti es campur dan es kelapa,,,,,,['https://pbs.twimg.com/media/Ez4OtuMVcAAMINd?format=jpg&name=small'],https://twitter.com/SewaMobilYogya/status/1386561942312034305,es campur
Shopee Indonesia,@ShopeeID,2021-04-26T10:25:40.000Z,"Sore Sobat Shopee, udah pada tau belum nih mau buka pakai apa hari ini? ",,â˜º,60,12,269,[],https://twitter.com/ShopeeID/status/1386627531265114114,es campur
Irma_Suryani8489,@Irma_Suryani789,2021-04-26T10:30:03.000Z,Buka ma gorengan n es campur ,,ğŸ˜ ğŸ˜‡ ğŸ˜,,,1,[],https://twitter.com/Irma_Suryani789/status/1386628632970371072,es campur
mas jekkk,@mkhbill,2021-04-23T09:42:45.000Z,info es campur seng seger lurrr,,,2,,,[],https://twitter.com/mkhbill/status/1385529569042591750,es campur
MLBB Menfess,@mlbbfess,2021-04-24T11:06:26.000Z,"Ml! No salty, menurut kalian dpt sebuah komponen tim (supp, tank, core, side, offlaner)  dr masing2 role siapa yg harus paling kuat mental?",,,36,,,[],https://twitter.com/mlbbfess/status/1385913015162208262,es campur
Mas Blek,@RioCndr,2021-04-24T11:25:39.000Z,core = rebutan turtel / lord gadapaet ( retri indomaret spbu  es campur alfamart tambal ban dll ),,,,,,[],https://twitter.com/RioCndr/status/1385917852004225027,es campur
"f
rel",@farellllllllll,2021-04-26T06:39:00.000Z,panas bgt yaAllah,"The following media includes potentially sensitive content. Change settings
View",ğŸ…°,5,,2,[],https://twitter.com/farellllllllll/status/1386570489741463555,es campur
gemoi,@gvlajava,2021-04-26T06:40:15.000Z,es campur enak kali ye,,,1,,,[],https://twitter.com/gvlajava/status/1386570804133990400,es campur
Just call me Q,@MisterQ_14,2021-04-24T07:17:08.000Z,"Replying to 
@ridoyando2011
 and 
@arifsetia2013d",dawet tu apa?,ğŸ˜,1,1,2,[],https://twitter.com/MisterQ_14/status/1385855312041631746,es dawet
rido_,@ridoyando2011,2021-04-24T07:21:10.000Z,"Cendol bang, bahasa jawanya dawet. Es cendol / es dawet. Paling terkenal es dawet ayu dari banjarnegara. Isinya cendol, pulut tape, alpukat/alvokado, durian dengan kuah santan, gula cair yg dimasak dengan nangka dan serutan ais batu.",,,,3,3,[],https://twitter.com/ridoyando2011/status/1385856324597026818,es dawet
Dimas Arya,@dimasarr11,2021-04-23T07:44:19.000Z,"Replying to 
@dipraal_",Nek es dawet komplit biasane. Ono cendol+bubur kui mau,,1,,,[],https://twitter.com/dimasarr11/status/1385499764683247616,es dawet
Riski Gunardi,@BinSunar,2021-04-26T07:01:10.000Z,"Height : 173 cm
Age : 25 tahun
Shoes size : 43
Zodiac : sagitarius
Tattos : -
Fav drink : es dawet
Fav food : sate kambing
Fav animal : kupu-kupu","Quote Tweet
ğ‘­ğ’‚ğ’“ğ’‚ğ’”007
@fara_salsaa
 Â· 26 Apr
Height        : 155 cm
Age            : 25 tahun 
Shoes size : 38
Zodiac       : gemini
Tattos        : -
Fav drink   : air putih
Fav food    : dimsum 
Fav animal :ga ada twitter.com/cuvple/status/â€¦",,,,,['https://pbs.twimg.com/profile_images/1351075394607312896/2kL1Obx9_mini.jpg'],https://twitter.com/BinSunar/status/1386576067947745284,es dawet
tasya,@gudetasya,2021-04-24T09:34:15.000Z,Saran takjil apa yg enak,,,53,6,477,[],https://twitter.com/gudetasya/status/1385889817934766085,es dawet
Ardian Rendra,@ardianrendra_,2021-04-24T09:35:33.000Z,Es dawet tape ketan,,,,,,[],https://twitter.com/ardianrendra_/status/1385890141768663041,es dawet
D'Q,@Dicky_Zman,2021-04-24T09:41:26.000Z,"Replying to 
@gudetasya","Es dawet, makanan nya bakwan jagung",,,,,[],https://twitter.com/Dicky_Zman/status/1385891623251288066,es dawet
ica,@tavisha__,2021-04-26T07:37:09.000Z,es dawet seger ketoe,,,5,,2,[],https://twitter.com/tavisha__/status/1386585124980940806,es dawet
Munyuk,@Mamatrozi3,2021-04-26T10:49:47.000Z,"Replying to 
@_p_ady",Es cendol dawet..,,1,,,[],https://twitter.com/Mamatrozi3/status/1386633600741691395,es dawet
TOM'S,@RonoReneRemen,2021-04-21T10:55:33.000Z,"Ws kelebon es cincau, gorengan trs ngerokok.
Meripatku langsung padang. ",,ğŸ˜…,,,1,[],https://twitter.com/RonoReneRemen/status/1384823111451766786,es cincau
rido_,@ridoyando2011,2021-04-24T06:11:47.000Z,"Dulu kalau waktu berbuka, arwah emak paling favorit menyediakan menu berbuka :
1. Nasi liwet
2. Pecel lung brambang asem
3. Tempe, tahu dan tempe 
    gembus bacem
4. kerupuk
5. Es cincau kolang kaling 
    dengan sirup ceri merah.",,,3,,11,[],https://twitter.com/ridoyando2011/status/1385838864367906816,es cincau
dams,@kanjengwoojin,2021-04-26T11:51:59.000Z,"Replying to 
@FOOD_FESS","Es cao ngga sih?
Yg isiannya blewah sma cincau hitam trs di kasih sirup biasanya",,,,,[],https://twitter.com/kanjengwoojin/status/1386649254517645324,es cincau
Bebeb Bohner,@babibonbon,2021-04-25T11:23:01.000Z,"tadi sore nimbang, turun sekilo. barusan abis buka puasa naik lagi setengah kilo 
 padahal cm makan tahu petis sebiji sama es kelapa muda segelas ",,ğŸ¤£ ğŸ¤£ ğŸ¤£ ğŸ¤£ ğŸ¤£ ğŸ¤£ ğŸ¤£,,,,[],https://twitter.com/babibonbon/status/1386279575240331264,es kelapa muda
Ayaaa,@imyourwaifuu,2021-04-26T21:07:49.000Z,"Replying to 
@mkhbill",Kasih yg seger2,ğŸ’,1,,,[],https://twitter.com/imyourwaifuu/status/1386789132400136193,es kelapa muda
mas jekkk,@mkhbill,2021-04-26T21:09:21.000Z,es kelapa muda ,,,1,,,[],https://twitter.com/mkhbill/status/1386789517919612931,es kelapa muda
Fael,@wijanarkofaela,2021-04-26T06:48:23.000Z,"Replying to 
@andryyudhap",Es kelapa muda ,ğŸ¥µ ğŸ¤¤,,,,[],https://twitter.com/wijanarkofaela/status/1386572850270638087,es kelapa muda
Ema R. Mel,@pencoret,2021-04-22T11:52:16.000Z,"Replying to 
@pencoret","Arsip menu buka puasa 2021
#kangenmasakanIbu

Hari kesepuluh
Nasi Kakap asam manis
Capcay
Mendoan
*sponsor kantor

Kurma keju 
Es sirup selasih",,1,,,[],https://twitter.com/pencoret/status/1385199774287073280,es kelapa muda
Ema R. Mel,@pencoret,2021-04-26T13:06:16.000Z,"Arsip menu buka puasa 2021
#kangenmasakanIbu

Hari kesebelas
Nasi
Bakso Pak Dalimin
Tahu Bacem
Es Kelapa Muda
*sponsor kantor",,,1,,,[],https://twitter.com/pencoret/status/1386667947658076163,es kelapa muda
hy,@anduktosca,2021-04-26T08:24:38.000Z,"Daah, ak otw ngabuburit dlu yaa",,,9,,15,['https://pbs.twimg.com/media/Ez4usGpUYAUKvOC?format=jpg&name=medium'],https://twitter.com/anduktosca/status/1386597073294815240,es kelapa muda
ga,@margams_,2021-04-26T10:03:13.000Z,nitip es kelapa muda sa,,ğŸ˜‚,1,,,[],https://twitter.com/margams_/status/1386621880912605184,es kelapa muda
